ArtikelNr;Bezeichnung;Einheit;Bruttopreis;Rabattgruppe
511740;Primofit-Kupplung 1" egalEPDM Trinkwasser;Stk;68.25;FIT
511741;Primofit-Kupplung 3/4" egalEPDM;Stk;54.90;FIT
302100;Boiler-Anode 230mm M8;Stk;112.00;BOI
302101;Boiler-Dichtungssatz 3/4";Stk;18.50;BOI
450200;Vorschweissflansch INOX DN150 PN16;Stk;89.00;INOX
450201;Vorschweissflansch INOX DN125 PN16;Stk;76.50;INOX
450210;Flanschdichtung DN150;Stk;6.40;INOX
120050;PE-Rohr 32mm (Stange 5m);m;8.90;ROHR
120051;PE-Bogen 90° 32mm;Stk;4.25;ROHR
